,pH_perm,NaOH mg/kg w,pH_outlet
0,4.0,6.542323407771708,7.994844146306755
1,4.0,6.825420518379895,8.094844198584802
2,4.0,7.16867355138519,8.19484426206599
3,4.0,7.582442435166053,8.29484433872966
4,4.0,8.0772585112818,8.39484443062333
5,4.0,8.663078073657434,8.49484453974064
6,4.0,9.348266291518067,8.594844667854336
7,4.0,10.138373311105548,8.694844816315866
8,4.0,11.03486474937245,8.794844985851448
9,4.0,12.034079718581525,8.894845176403782
10,4.0,13.12676636720611,8.99484538708302
11,4.0,14.298529196269344,9.094845616287595
12,4.0,15.531372747292625,9.194845862029867
13,4.0,16.806258858997722,9.294846122454393
14,4.0,18.106301185793534,9.39484639648607
15,4.0,19.420033907844292,9.494846684512481
16,4.0,20.744208461791565,9.594846989009804
17,4.0,22.085789010823333,9.694847315060784
18,4.0,23.46313235307443,9.794847670770423
19,4.0,24.90661791425159,9.894848067637012
20,4.0,26.45914985905014,9.994848520966148
21,4.0,28.176973910175843,10.094849050422791
22,4.0,30.131181577414743,10.194849680809895
23,4.0,32.410177988154985,10.294850443150821
24,4.0,35.12331784760188,10.394851376148607
25,4.0,38.40589424670556,10.49485252810103
26,4.0,42.42570120548834,10.5948539607479
27,4.0,47.39148047345731,10.694855747206082
28,4.0,53.56367651284984,10.794857983446411
29,4.0,61.26810294961275,10.894860788590941
30,4.0,70.91331521200202,10.99486431251982
31,4.0,83.01276887332918,11.09486874409024
32,4.0,98.21321460959906,11.19487432163765
33,4.0,117.33129250367804,11.294881346445544
34,4.0,141.40097733453894,11.394890200093903
35,4.0,171.7354287703026,11.494901366886968
36,4.0,210.00794233493755,11.594915462930816
37,4.0,258.3580990307109,11.694933273893238
38,4.0,319.5309100457779,11.794955804054021
39,4.0,397.05883611010637,11.894984339980693
40,4.0,495.4992094995163,11.995020533107994
41,4.1,5.626339027129996,7.994843802290443
42,4.1,5.909402846689501,8.094843854567962
43,4.1,6.252616766611405,8.194843918048745
44,4.1,6.666340454524542,8.294843994712263
45,4.1,7.161105366661225,8.394844086606236
46,4.1,7.746868449175768,8.494844195724593
47,4.1,8.431996209784346,8.594844323840428
48,4.1,9.222040901756309,8.694844472305633
49,4.1,10.118470967518652,8.794844641846868
50,4.1,11.117628825525715,8.894844832407259
51,4.1,12.210265963480175,8.99484504309726
52,4.1,13.381989651182538,9.094845272315359
53,4.1,14.614806003888324,9.194845518073643
54,4.1,15.889676769021408,9.294845778516127
55,4.1,17.18971368039562,9.394846052566733
56,4.1,18.50344735620741,9.494846340611799
57,4.1,19.827624478218784,9.594846645126218
58,4.1,21.16920380492451,9.69484697119138
59,4.1,22.546536518253507,9.794847326910965
60,4.1,23.98999642806184,9.894847723782085
61,4.1,25.542482030120603,9.994848177109025
62,4.1,27.260233042718205,10.094848706555549
63,4.1,29.21433420552888,10.19484933692313
64,4.1,31.493182604479113,10.294850099233477
65,4.1,34.206123104779614,10.394851032187425
66,4.1,37.488436617459946,10.49485218408016
67,4.1,41.50790207345181,10.594853616648507
68,4.1,46.473242599694466,10.694855403005029
69,4.1,52.64487982166042,10.79485763911581
70,4.1,60.34859960327667,10.89486044409714
71,4.1,69.99292402597706,10.994863967822415
72,4.1,82.09126927765917,11.094868399141149
73,4.1,97.29034058303915,11.194873976380356
74,4.1,116.40672719173712,11.294881000814728
75,4.1,140.47434936260782,11.394889854015666
76,4.1,170.80631145110314,11.494901020279924
77,4.1,209.07585690991746,11.594915115708162
78,4.1,257.4225226288045,11.694932925965809
79,4.1,318.59128817203424,11.794955455333977
80,4.1,396.1145984110239,11.894983990385256
81,4.1,494.5497867222127,11.995020182562422
82,4.2,4.898273448356741,7.994843528838375
83,4.2,5.181310769786099,8.094843581115478
84,4.2,5.5244935577656955,8.194843644595931
85,4.2,5.938181272035153,8.294843721259328
86,4.2,6.4329054594141875,8.394843813153546
87,4.2,7.018623585851192,8.494843922272741
88,4.2,7.703703224299168,8.594844050390284
89,4.2,8.49369830428521,8.694844198858412
90,4.2,9.390079518001144,8.794844368404148
91,4.2,10.389191915127919,8.89484455897096
92,4.2,11.481789641593421,8.994844769669527
93,4.2,12.65348217156271,9.094844998898392
94,4.2,13.886276873026294,9.194845244669459
95,4.2,15.161135421648613,9.294845505126238
96,4.2,16.461168022909657,9.394845779191868
97,4.2,17.77490245887411,9.494846067251796
98,4.2,19.099081627947665,9.594846371779871
99,4.2,20.440659986114184,9.694846697856324
100,4.2,21.817984244405636,9.794847053583862
101,4.2,23.261423743060046,9.89484745045856
102,4.2,24.81387246553004,9.994847903783773
103,4.2,26.531565351565163,10.094848433222209
104,4.2,28.485581751990352,10.19484906357432
105,4.2,30.76431235385102,10.294849825860272
106,4.2,33.47709419233788,10.394850758779373
107,4.2,36.759198486409794,10.494851910624616
108,4.2,40.778392160224165,10.594853343130485
109,4.2,45.74338352403129,10.694855129406122
110,4.2,51.91457603523597,10.794857365413836
111,4.2,59.617733473337566,10.894860170265328
112,4.2,69.26135139663059,10.99486369382863
113,4.2,81.35881467293267,11.094868124947155
114,4.2,96.5567923900458,11.194873701941221
115,4.2,115.67183339539469,11.294880726078526
116,4.2,139.73781463000313,11.39488957892367
117,4.2,170.06779652281563,11.494900744767476
118,4.2,208.33498120026863,11.594914839706325
119,4.2,256.6788705738679,11.694932649403798
120,4.2,317.8444191716563,11.794955178142093
121,4.2,395.364059362071,11.894983712497845
122,4.2,493.7951254844064,11.99501990392024
123,4.3,4.319302898652702,7.994843311376602
124,4.3,4.602319125224143,8.09484336365337
125,4.3,4.94547712905833,8.194843427133568
126,4.3,5.359136204492942,8.294843503796868
127,4.3,5.853827970888669,8.394843595691286
128,4.3,6.439510307201417,8.49484370481114
129,4.3,7.124551634282291,8.59484383293004
130,4.3,7.914507217236445,8.694843981400501
131,4.3,8.810849538049668,8.79484415094983
132,4.3,9.809925741991524,8.894844341521754
133,4.3,10.90249209075642,8.994844552227145
134,4.3,12.074159814057781,9.09484478146458
135,4.3,13.306937277342254,9.19484502724582
136,4.3,14.581786099435119,9.29484528771396
137,4.3,15.881815269316341,9.39484556179159
138,4.3,17.195550311825627,9.494845849863376
139,4.3,18.519731112609247,9.594846154402289
140,4.3,19.86130870238143,9.694846480487755
141,4.3,21.238626233119376,9.794846836221634
142,4.3,22.68204948643262,9.894847233099178
143,4.3,24.23446885361021,9.994847686423011
144,4.3,25.95211547022806,10.09484821585509
145,4.3,27.906064397815264,10.194848846194798
146,4.3,30.18470123034471,10.294849608461396
147,4.3,32.8973567701674,10.394850541352723
148,4.3,36.179294522316184,10.494851693160166
149,4.3,40.19827185500755,10.594853125616307
150,4.3,45.162985286569494,10.694854911827573
151,4.3,51.33382381608872,10.794857147753264
152,4.3,59.03653364953448,10.894859952501433
153,4.3,68.67958924338055,10.994863475935842
154,4.3,80.77635054893496,11.09486790689506
155,4.3,95.97345791235708,11.194873483694078
156,4.3,115.08742805352037,11.294880507595039
157,4.3,139.15210347758835,11.394889360157148
158,4.3,169.48050970637757,11.494900525666518
159,4.3,207.74581604334622,11.59491462021615
160,4.3,256.0874966387617,11.69493242946817
161,4.3,317.25048617520486,11.794954957705661
162,4.3,394.76720714317787,11.894983491508498
163,4.3,493.19499470372733,11.995019682330959
164,4.4,3.8585655554845304,7.994843138318303
165,4.4,4.141564980543673,8.094843190594808
166,4.4,4.484703243854923,8.1948432540748
167,4.4,4.898339508528559,8.294843330738026
168,4.4,5.393005451688063,8.394843422632597
169,4.4,5.978659281174905,8.494843531752984
170,4.4,6.663670093444604,8.594843659872977
171,4.4,7.453594216352426,8.694843808345295
172,4.4,8.349905558475914,8.79484397789747
173,4.4,9.3489529333849,8.894844168473476
174,4.4,10.441494288836294,8.994844379184293
175,4.4,11.613142252502554,9.094844608428572
176,4.4,12.84590598493906,9.19484485421791
177,4.4,14.120747059428723,9.294845114695132
178,4.4,15.420773496412293,9.394845388782302
179,4.4,16.7345090224807,9.494845676863534
180,4.4,18.05869112431259,9.594845981411074
181,4.4,19.400268104058533,9.694846307503719
182,4.4,20.777580278629703,9.794846663242625
183,4.4,22.220990595209038,9.894847060122466
184,4.4,23.77338658422878,9.994847513445222
185,4.4,25.49099635124051,10.094848042872197
186,4.4,27.444891542024276,10.194848673202083
187,4.4,29.723453694155562,10.294849435453257
188,4.4,32.43600864622192,10.394850368322452
189,4.4,35.717813760577606,10.494851520099825
190,4.4,39.736618795884,10.594852952516328
191,4.4,44.70111088035641,10.694854738676336
192,4.4,50.87166750094999,10.794856974536714
193,4.4,58.574020872178515,10.894859779202609
194,4.4,68.21662865042444,10.994863302534394
195,4.4,80.31283095318558,11.094867733366772
196,4.4,95.50924525077949,11.194873310010504
197,4.4,114.62236269732483,11.294880333723318
198,4.4,138.68599840165416,11.394889186060125
199,4.4,169.0131501230669,11.494900351303302
200,4.4,207.27696107066222,11.59491444554317
201,4.4,255.6168833374207,11.694932254440712
202,4.4,316.77783585387465,11.794954782279726
203,4.4,394.29223329137693,11.894983315642667
204,4.4,492.71741150164087,11.995019505987887
205,4.5,3.491511642311525,7.994843000445401
206,4.5,3.774497672584208,8.094843052721695
207,4.5,4.117620198412152,8.194843116201522
208,4.5,4.5312382776821485,8.29484319286469
209,4.5,5.025883633699492,8.394843284759387
210,4.5,5.611514736547309,8.494843393880199
211,4.5,6.296501221018968,8.59484352200106
212,4.5,7.086400262725743,8.694843670474851
213,4.5,7.982686907028288,8.794843840029309
214,4.5,8.981711297887923,8.894844030608564
215,4.5,10.074232727236536,8.994844241323715
216,4.5,11.24586493722033,9.09484447057344
217,4.5,12.478617722364417,9.194844716369252
218,4.5,13.753452619858844,9.294844976853685
219,4.5,15.05347687826863,9.39484525094848
220,4.5,16.367212790630145,9.494845539037218
221,4.5,17.691395930487115,9.594845843591667
222,4.5,19.032972425110867,9.694846169690042
223,4.5,20.410280331203545,9.794846525432959
224,4.5,21.85368033623642,9.89484692231463
225,4.5,23.406057689544312,9.994847375636551
226,4.5,25.12363808172518,10.094847905059401
227,4.5,27.077490435110928,10.194848535381466
228,4.5,29.35599305383959,10.294849297620354
229,4.5,32.068467820564514,10.394850230471969
230,4.5,35.35016720030729,10.494851382225326
231,4.5,39.36883488663611,10.594852814610219
232,4.5,44.33315052297316,10.69485460072937
233,4.5,50.503482421083945,10.79485683653769
234,4.5,58.20555164449248,10.894859641138012
235,4.5,67.84780246111812,10.994863164388004
236,4.5,79.94355918426045,11.094867595119295
237,4.5,95.13942105755389,11.194873171639273
238,4.5,114.25185886851091,11.294880195202149
239,4.5,138.31466590484385,11.394889047359424
240,4.5,168.64081782010976,11.494900212390501
241,4.5,206.90343705004642,11.594914306383574
242,4.5,255.2419581387582,11.694932114998718
243,4.5,316.40128749369063,11.794954642520311
244,4.5,393.9138335854708,11.894983175532877
245,4.5,492.33693283924816,11.995019365498004
246,4.6,3.1985929913379523,7.994842890417168
247,4.6,3.4815683260446275,8.094842942693292
248,4.6,3.8246782857299526,8.19484300617299
249,4.6,4.238281844585063,8.294843082836106
250,4.6,4.732910762221263,8.394843174730909
251,4.6,5.318523718316066,8.494843283852058
252,4.6,6.003490777508955,8.594843411973606
253,4.6,6.793369792010302,8.694843560448584
254,4.6,7.689636715186272,8.794843730004864
255,4.6,8.688642753677248,8.894843920586707
256,4.6,9.781148272041033,8.994844131305328
257,4.6,10.952767902738154,9.094844360559398
258,4.6,12.185511946233257,9.194844606360355
259,4.6,13.460341911438908,9.294844866850589
260,4.6,14.760364430357384,9.394845140951452
261,4.6,16.074100651497613,9.494845429046208
262,4.6,17.39828462092206,9.594845733606165
263,4.6,18.739860729110603,9.694846059709098
264,4.6,20.117165228122197,9.794846415455236
265,4.6,21.56055700114016,9.894846812338363
266,4.6,23.11291947594649,9.994847265659592
267,4.6,24.830476414870777,10.094847795079211
268,4.6,26.78429456636038,10.194848425395037
269,4.6,29.06274965242153,10.294849187624079
270,4.6,31.775160396942564,10.394850120461658
271,4.6,35.05677535625843,10.494851272195877
272,4.6,39.07533338102812,10.594852704555468
273,4.6,44.03950813974178,10.694854490642001
274,4.6,50.209660619089796,10.794856726408764
275,4.6,57.91150298094496,10.894859530956737
276,4.6,67.5534688067549,10.994863054141433
277,4.6,79.64886979529221,11.094867484792026
278,4.6,94.84429064384364,11.194873061213217
279,4.6,113.95618588768868,11.294880084656413
280,4.6,138.01833140463526,11.39488893667039
281,4.6,168.34368521247148,11.494900101532185
282,4.6,206.60535318237103,11.594914195328293
283,4.6,254.94275586804852,11.694932003718082
284,4.6,316.1007897016066,11.794954530986386
285,4.6,393.6118582229466,11.894983063719387
286,4.6,492.0332983323934,11.995019253381262
287,4.7,2.964221585348803,7.994842802379551
288,4.7,3.247188358586617,8.09484285465554
289,4.7,3.5902882595176235,8.194842918135132
290,4.7,4.003880194836461,8.294842994798216
291,4.7,4.498495953710797,8.394843086693097
292,4.7,5.084094383422602,8.494843195814518
293,4.7,5.769045892914545,8.594843323936617
294,4.7,6.558908875932055,8.694843472412542
295,4.7,7.455160012529898,8.794843641970283
296,4.7,8.454151359591178,8.894843832554205
297,4.7,9.546644140868583,8.994844043275599
298,4.7,10.718253701656701,9.094844272533146
299,4.7,11.950990747967554,9.194844518338241
300,4.7,13.225816764841262,9.294844778833093
301,4.7,14.525837891413573,9.394845052938827
302,4.7,15.839574360088326,9.494845341038408
303,4.7,17.163758994246695,9.594845645602776
304,4.7,18.50533479401177,9.694845971709345
305,4.7,19.882636566662217,9.794846327458062
306,4.7,21.32602175116946,9.894846724342354
307,4.7,22.878372317249053,9.994847177663033
308,4.7,24.59591048397647,10.0948477070801
309,4.7,26.54970125924202,10.19484833739088
310,4.7,28.82811829894863,10.294849099612085
311,4.7,31.540477798636903,10.394850032438383
312,4.7,34.82202518514891,10.494851184157335
313,4.7,38.8404954340632,10.594852616496608
314,4.7,43.80455743135228,10.694854402557036
315,4.7,49.974566300960795,10.794856638290534
316,4.7,57.67622708196275,10.894859442796609
317,4.7,67.31796480208125,10.994862965929046
318,4.7,79.41308106673374,11.094867396515054
319,4.7,94.6081489336136,11.194872972857187
320,4.7,113.71960993448047,11.294879996204605
321,4.7,137.78122601977284,11.394888848103909
322,4.7,168.10594110250034,11.494900012830243
323,4.7,206.36684780690305,11.59491410646875
324,4.7,254.70335550302326,11.694931914678223
325,4.7,315.860352654256,11.794954441743881
326,4.7,393.37023886829917,11.894982974253223
327,4.7,491.7903514379516,11.995019163672506
328,4.8,2.775941436861318,7.994842731654458
329,4.8,3.058901329648296,8.094842783930337
330,4.8,3.4019931469856415,8.194842847409847
331,4.8,3.8155757412865983,8.2948429240729
332,4.8,4.3101809252360335,8.394843015967842
333,4.8,4.8957676811089135,8.494843125089485
334,4.8,5.580706694228302,8.59484325321203
335,4.8,6.370556793727555,8.69484340168872
336,4.8,7.266795243541672,8.794843571247629
337,4.8,8.265774784257745,8.894843761833219
338,4.8,9.358257329655814,8.99484397255683
339,4.8,10.529858797827055,9.094844201817196
340,4.8,11.762590220471852,9.194844447625618
341,4.8,13.037413064583891,9.29484470812416
342,4.8,14.337433072632669,9.39484498223383
343,4.8,15.651169740315513,9.494845270337253
344,4.8,16.975354909472436,9.594845574905177
345,4.8,18.316930461845086,9.694845901014686
346,4.8,19.694230044482868,9.794846256765485
347,4.8,21.137609935133256,9.894846653650712
348,4.8,22.689950932625194,9.994847106970953
349,4.8,24.407474014880155,10.094847636385898
350,4.8,26.361242791829408,10.194848266692714
351,4.8,28.63962925846471,10.294849028907585
352,4.8,31.35194757946362,10.39484996172487
353,4.8,34.63344066710399,10.494851113431478
354,4.8,38.65184038239176,10.594852545754408
355,4.8,43.6158117687594,10.694854331793858
356,4.8,49.7857052401749,10.794856567500627
357,4.8,57.487220111085676,10.894859371973036
358,4.8,67.12877453906609,10.994862895063482
359,4.8,79.22366201872819,11.094867325597598
360,4.8,94.41844625793738,11.194872901876206
361,4.8,113.52955834333483,11.29487992514667
362,4.8,137.5907490389159,11.394888776953842
363,4.8,167.9149509300017,11.494899941571344
364,4.8,206.17524600530263,11.594914035083239
365,4.8,254.51103465832426,11.69493184314786
366,4.8,315.66719895954867,11.79495437005073
367,4.8,393.1761353679265,11.894982902380418
368,4.8,491.59518150166093,11.995019091604842
369,4.9,2.6237699629884403,7.994842674492549
370,4.9,2.9067242935667004,8.094842726768341
371,4.9,3.2498095754668856,8.194842790247783
372,4.9,3.66338461804658,8.294842866910807
373,4.9,4.157981252818621,8.394842958805805
374,4.9,4.743558570904957,8.494843067927624
375,4.9,5.4284874812196815,8.594843196050531
376,4.9,6.218327164730525,8.694843344527836
377,4.9,7.114555357919013,8.79484351408769
378,4.9,8.11352535335149,8.894843704674631
379,4.9,9.205999623536893,8.994843915400047
380,4.9,10.377594549308178,9.094844144662675
381,4.9,11.610321425602065,9.194844390473781
382,4.9,12.885141704634062,9.294844650975332
383,4.9,14.185160808585021,9.394844925088174
384,4.9,15.498897638046312,9.494845213194724
385,4.9,16.82308323982026,9.594845517765508
386,4.9,18.164658593113764,9.694845843877406
387,4.9,19.54195640585129,9.794846199629852
388,4.9,20.985332017863193,9.894846596515855
389,4.9,22.537665280824935,9.994847049835725
390,4.9,24.25517616966004,10.094847579249047
391,4.9,26.20892716405317,10.194848209552568
392,4.9,28.487288916739416,10.294848971762331
393,4.9,31.199573949744757,10.39484990457233
394,4.9,34.48102314327616,10.494851056268985
395,4.9,38.49936584107548,10.594852488578619
396,4.9,43.463263980244264,10.694854274601111
397,4.9,49.63306416745074,10.794856510286275
398,4.9,57.334461090221886,10.894859314731468
399,4.9,66.97586735280447,10.994862837787968
400,4.9,79.07056989476388,11.094867268280137
401,4.9,94.2651248677682,11.194872844507396
402,4.9,113.37595491692028,11.294879867715656
403,4.9,137.43680176715569,11.394888719448357
404,4.9,167.7605888521941,11.494899883977896
405,4.9,206.02038956915234,11.594913977387455
406,4.9,254.35559706269635,11.694931785335005
407,4.9,315.5110882438759,11.794954312106313
408,4.9,393.0192570356917,11.89498284429081
409,4.9,491.4374413281091,11.995019033357767
410,5.0,2.499674482605906,7.994842627876728
411,5.0,2.78262427599857,8.09484268015245
412,5.0,3.125704227167498,8.194842743631835
413,5.0,3.5392731098747525,8.294842820294841
414,5.0,4.033862770979743,8.394842912189885
415,5.0,4.619432390770845,8.494843021311842
416,5.0,5.304353060402692,8.594843149435047
417,5.0,6.094184247809702,8.694843297912854
418,5.0,6.990404074558681,8.79484346747348
419,5.0,7.989366284234672,8.894843658061518
420,5.0,9.081833804344054,8.994843868788413
421,5.0,10.25342339334492,9.094844098052892
422,5.0,11.486146561381247,9.19484434386617
423,5.0,12.760964748519172,9.294844604370185
424,5.0,14.060983115124184,9.394844878485587
425,5.0,15.374720076807561,9.4948451665947
426,5.0,16.698906032192102,9.594845471167813
427,5.0,18.04048122370716,9.69484579728167
428,5.0,19.41777759400902,9.794846153035495
429,5.0,20.86114971723355,9.8948465499221
430,5.0,22.41347667239895,9.994847003241706
431,5.0,24.130977616868538,10.094847532653631
432,5.0,26.08471410825377,10.194848162954496
433,5.0,28.363055704780756,10.29484892516015
434,5.0,31.07531358870552,10.394849857964186
435,5.0,34.356726983089445,10.494851009652734
436,5.0,38.375023178502005,10.594852441951414
437,5.0,43.33886157808412,10.694854227960073
438,5.0,49.508585684020396,10.794856463627614
439,5.0,57.209886411138875,10.89485926805061
440,5.0,66.85117183367664,10.994862791079424
441,5.0,78.9457235471817,11.094867221537378
442,5.0,94.14009154067875,11.19487279772276
443,5.0,113.25069157704363,11.294879820880286
444,5.0,137.31125801180218,11.39488867255225
445,5.0,167.6347068181087,11.494899837010049
446,5.0,205.89410439078011,11.594913930336153
447,5.0,254.22883796861,11.694931738188231
448,5.0,315.38378026195033,11.794954264852255
449,5.0,392.89132313331135,11.894982796918358
450,5.0,491.30880470292806,11.995018985856913
451,5.1,2.397157102307682,7.994842589366295
452,5.1,2.680103146944887,8.094842641641955
453,5.1,3.023178693363451,8.1948427051213
454,5.1,3.43674248619537,8.294842781784286
455,5.1,3.9313263853730587,8.394842873679366
456,5.1,4.516889644152159,8.494842982801442
457,5.1,5.2018035045242135,8.594843110924893
458,5.1,5.991627671798164,8.694843259403104
459,5.1,6.887840585555891,8.794843428964375
460,5.1,7.886796361963103,8.89484361955333
461,5.1,8.979258304730342,8.994843830281441
462,5.1,10.150843484291615,9.094844059547434
463,5.1,11.383563588484307,9.194844305362537
464,5.1,12.658380047285606,9.294844565868578
465,5.1,13.958397805143262,9.39484483998611
466,5.1,15.27213487645516,9.494845128097332
467,5.1,16.596321124703454,9.594845432672374
468,5.1,17.93789618349908,9.694845758787833
469,5.1,19.315191362807482,9.794846114542798
470,5.1,20.758560604571016,9.894846511429913
471,5.1,22.310882349219977,9.994846964749268
472,5.1,24.02837507936584,10.09484749416004
473,5.1,25.982099589696514,10.19484812445878
474,5.1,28.260424534624473,10.29484888666096
475,5.1,30.97265999017368,10.394849819460086
476,5.1,34.25404380929768,10.494850971141938
477,5.1,38.272301587338106,10.594852403431494
478,5.1,43.236090633978755,10.694854189428726
479,5.1,49.40575188682151,10.794856425081704
480,5.1,57.10697314313779,10.89485922948636
481,5.1,66.74815873650881,10.9948627524923
482,5.1,78.84258584707484,11.094867182921988
483,5.1,94.03679937483787,11.194872759072766
484,5.1,113.14720939769242,11.294879782188378
485,5.1,137.20754418525385,11.394888633810163
486,5.1,167.53071355037773,11.494899798208696
487,5.1,205.7897781071967,11.59491389146585
488,5.1,254.12412022068892,11.694931699239058
489,5.1,315.27860913757036,11.794954225814454
490,5.1,392.7856350252653,11.894982757782754
491,5.1,491.202536204225,11.995018946615243
492,5.2,2.310927517117499,7.994842556974086
493,5.2,2.5938704076789105,8.094842609249698
494,5.2,2.936942248752921,8.194842672729
495,5.2,3.3505017596781017,8.294842749391977
496,5.2,3.845080811470503,8.394842841287083
497,5.2,4.43063871905625,8.494842950409266
498,5.2,5.115546851178203,8.594843078532916
499,5.2,5.905365112650739,8.694843227011484
500,5.2,6.80157221098131,8.794843396573294
501,5.2,7.800522575306224,8.894843587162999
502,5.2,8.892979826072217,8.994843797892127
503,5.2,10.064561296381244,9.094844027159413
504,5.2,11.297278823273475,9.194844272976042
505,5.2,12.572093828342322,9.294844533483776
506,5.2,13.872111074576528,9.394844807603109
507,5.2,15.185848238820446,9.494845095716103
508,5.2,16.51003473417697,9.594845400292781
509,5.2,17.851609682207297,9.694845726409593
510,5.2,19.228903860720262,9.7948460821655
511,5.2,20.672270679714792,9.894846479053074
512,5.2,22.22458804348583,9.994846932372198
513,5.2,23.942073864619186,10.094847461782033
514,5.2,25.895788299001698,10.194848092078933
515,5.2,28.174099239259057,10.294848854278259
516,5.2,30.886315830958253,10.394849787073241
517,5.2,34.16767477556259,10.494850938749455
518,5.2,38.18590024189299,10.594852371031209
519,5.2,43.14964777946669,10.694854157018828
520,5.2,49.319256168058104,10.794856392659558
521,5.2,57.0204105844404,10.894859197048785
522,5.2,66.661512215366,10.994862720035481
523,5.2,78.75583452838366,11.094867150441388
524,5.2,93.94991814272535,11.19487272656306
525,5.2,113.06016835774679,11.294879749643416
526,5.2,137.12030832547893,11.394888601222991
527,5.2,167.44324268030385,11.494899765571668
528,5.2,205.70202717795652,11.59491385877083
529,5.2,254.03604009007205,11.694931666477697
530,5.2,315.19014775540427,11.794954192978546
531,5.2,392.69673892487475,11.894982724864587
532,5.2,491.113152096841,11.995018913607863
533,5.3,2.2366483763293608,7.994842529070849
534,5.3,2.5195885499080855,8.094842581346418
535,5.3,2.8626571985398725,8.194842644825693
536,5.3,3.276213020603854,8.294842721488658
537,5.3,3.7707878960682484,8.394842813383786
538,5.3,4.356341193572182,8.49484292250605
539,5.3,5.041244390492351,8.594843050629878
540,5.3,5.831057564007874,8.694843199108746
541,5.3,6.727259652251073,8.794843368671014
542,5.3,7.7262053541311015,8.8948435592614
543,5.3,8.818658562638445,8.994843769991398
544,5.3,9.990236837450144,9.094843999259796
545,5.3,11.222952144062859,9.194844245077721
546,5.3,12.497765897249302,9.29484450558694
547,5.3,13.797782703051102,9.394844779707817
548,5.3,15.111519947935571,9.494845067822348
549,5.3,16.43570665700732,9.594845372400428
550,5.3,17.777281510684645,9.694845698518401
551,5.3,19.15457482829755,9.794846054275103
552,5.3,20.597939561863463,9.894846451163053
553,5.3,22.1502531528645,9.994846904482035
554,5.3,23.867733024785537,10.094847433891056
555,5.3,25.82143878132101,10.194848064186347
556,5.3,28.099737660096405,10.294848826383221
557,5.3,30.811938005246606,10.394849759174614
558,5.3,34.093275525894306,10.494850910846022
559,5.3,38.111473163134676,10.59485234312091
560,5.3,43.07518494951895,10.694854129100246
561,5.3,49.24474780710476,10.794856364730423
562,5.3,56.945844655369285,10.894859169106358
563,5.3,66.58687397132924,10.994862692076477
564,5.3,78.68110602504666,11.094867122461899
565,5.3,93.87507775037378,11.194872698558497
566,5.3,112.98519033101404,11.294879721608476
567,5.3,137.0451625134665,11.394888573151691
568,5.3,167.36789447485776,11.494899737457422
569,5.3,205.62643779026072,11.594913830606624
570,5.3,253.9601672095565,11.694931638256342
571,5.3,315.11394657483885,11.794954164692978
572,5.3,392.62016342550294,11.89498269650816
573,5.3,491.0361564234609,11.995018885174593
574,5.4,2.1707420197211564,7.994842504312682
575,5.4,2.4536797820408025,8.094842556588217
576,5.4,2.7967455978090743,8.194842620067456
577,5.4,3.2102981464350355,8.29484269673041
578,5.4,3.7048693161285824,8.394842788625565
579,5.4,4.2904185223500955,8.49484289774791
580,5.4,4.975317339955423,8.59484302587189
581,5.4,5.765125998665767,8.69484317435103
582,5.4,6.661323640879166,8.794843343913708
583,5.4,7.660265205437058,8.894843534504671
584,5.4,8.752714827109488,8.994843745235457
585,5.4,9.924290266570958,9.094843974504846
586,5.4,11.157003603280637,9.194844220323944
587,5.4,12.431816245758931,9.294844480834445
588,5.4,13.731832661430976,9.394844754956702
589,5.4,15.04556997871432,9.494845043072582
590,5.4,16.369756878339334,9.594845347651901
591,5.4,17.711331649244645,9.6948456737709
592,5.4,19.08862420428923,9.794846029528344
593,5.4,20.531987089019506,9.894846426416647
594,5.4,22.08429733446784,9.99484687973548
595,5.4,23.80177192972587,10.09484740914378
596,5.4,25.75546998910289,10.194848039437657
597,5.4,28.033758169186125,10.29484880163233
598,5.4,30.745944102626325,10.394849734420598
599,5.4,34.02726261910235,10.494850886087718
600,5.4,38.045435569818565,10.594852318356354
601,5.4,43.00911564236967,10.694854104328341
602,5.4,49.17863811040675,10.794856339949153
603,5.4,56.879683891389824,10.894859144313294
604,5.4,66.52064905874981,10.994862667268702
605,5.4,78.61480104663015,11.094867097635946
606,5.4,93.80867352027632,11.194872673710293
607,5.4,112.9186640135365,11.29487969673332
608,5.4,136.978487366994,11.394888548244271
609,5.4,167.30103980567787,11.494899712511891
610,5.4,205.55936920002696,11.594913805616766
611,5.4,253.8928471811579,11.694931613215777
612,5.4,315.0463353831765,11.794954139595436
613,5.4,392.55222027960144,11.894982671347748
614,5.4,490.9678406898607,11.995018859946002
615,5.5,2.1102504989135586,7.994842481588447
616,5.5,2.3931860479875344,8.094842533863947
617,5.5,2.7362492633644373,8.19484259734316
618,5.5,3.1497988070463405,8.294842674006105
619,5.5,3.6443665746322287,8.39484276590128
620,5.5,4.229912025845976,8.494842875023698
621,5.5,4.914806823573072,8.59484300314782
622,5.5,5.7046113377853365,8.694843151627204
623,5.5,6.600804898947365,8.794843321190266
624,5.5,7.599742665726026,8.894843511781765
625,5.5,8.692188995274563,8.99484372251327
626,5.5,9.863761832071098,9.09484395178355
627,5.5,11.096473360940385,9.194844197603713
628,5.5,12.37128498443472,9.29484445811542
629,5.5,13.67130104230428,9.394844732238942
630,5.5,14.985038426657828,9.494845020356053
631,5.5,16.309225501986884,9.594845324936518
632,5.5,17.650800198432897,9.69484565105648
633,5.5,19.02809205506636,9.794846006814602
634,5.5,20.471453244355672,9.894846403703193
635,5.5,22.02376042084485,9.99484685702189
636,5.5,23.741230175751436,10.094847386429546
637,5.5,25.694921173289675,10.194848016722142
638,5.5,27.97319953696654,10.294848778914785
639,5.5,30.685372247203482,10.394849711700214
640,5.5,33.96667332578181,10.49485086336341
641,5.5,37.98482362559717,10.59485229562613
642,5.5,42.94847459785054,10.694854081591368
643,5.5,49.11796000576349,10.794856317203584
644,5.5,56.818958928404584,10.894859121556898
645,5.5,66.45986523505336,10.994862644498804
646,5.5,78.55394375740144,11.094867074849361
647,5.5,93.74772516264201,11.194872650903283
648,5.5,112.85760363615756,11.29487967390157
649,5.5,136.91729043617255,11.394888525382905
650,5.5,167.23967816471716,11.494899689615547
651,5.5,205.49781129545138,11.594913782679734
652,5.5,253.83105860410572,11.694931590232203
653,5.5,314.9842797051486,11.794954116559566
654,5.5,392.48986010355975,11.894982648254175
655,5.5,490.9051387754297,11.995018836789852
656,5.6,2.0527426739122867,7.994842459984887
657,5.6,2.335676118658624,8.094842512260351
658,5.6,2.678736861674356,8.194842575739543
659,5.6,3.0922835482650535,8.294842652402476
660,5.6,3.5868480817029877,8.394842744297673
661,5.6,4.172389962352029,8.494842853420153
662,5.6,4.857280938143254,8.594842981544419
663,5.6,5.647081511981056,8.694843130024037
664,5.6,6.543271193089175,8.794843299587447
665,5.6,7.542205349160477,8.894843490179467
666,5.6,8.634648548576715,8.994843700911657
667,5.6,9.806218911164807,9.094843930182783
668,5.6,11.038928721431175,9.194844176003963
669,5.6,12.313739376386296,9.294844436516819
670,5.6,13.613755095139245,9.394844710641527
671,5.6,14.927492543792088,9.49484499875984
672,5.6,16.251679787365045,9.594845303341396
673,5.6,17.5932544137568,9.694845629462241
674,5.6,18.97054560800095,9.794845985221004
675,5.6,20.413905187108032,9.89484638210988
676,5.6,21.966209448245873,9.994846835428485
677,5.6,23.683674603585892,10.09484736483549
678,5.6,25.637358890693413,10.194847995126901
679,5.6,27.91562792592806,10.29484875731765
680,5.6,30.627788069453995,10.394849690100294
681,5.6,33.90907257622127,10.494850841759774
682,5.6,37.92720134920113,10.594852274016745
683,5.6,42.89082466565284,10.694854059975569
684,5.6,49.06027485211729,10.794856295579612
685,5.6,56.76122924227465,10.894859099922632
686,5.6,66.40207960903432,10.994862622851699
687,5.6,78.49608831265036,11.094867053186391
688,5.6,93.68978317082701,11.194872629220896
689,5.6,112.79955518822761,11.294879652195663
690,5.6,136.85911221983216,11.39488850364884
691,5.6,167.18134342648634,11.494899667848227
692,5.6,205.43929005850146,11.59491376087373
693,5.6,253.772318181233,11.694931568381953
694,5.6,314.9252854977908,11.7949540946596
695,5.6,392.43057660209377,11.89498262629935
696,5.6,490.84553063144256,11.99501881477554
697,5.7,1.9962623912868687,7.99484243876485
698,5.7,2.2791937690773127,8.094842491040279
699,5.7,2.6222520836401215,8.194842554519441
700,5.7,3.0357959640817063,8.294842631182366
701,5.7,3.5303573209213317,8.394842723077577
702,5.7,4.115895694381325,8.494842832200122
703,5.7,4.800782916159469,8.594842960324511
704,5.7,5.59057961953497,8.69484310880435
705,5.7,6.486765489648754,8.794843278368113
706,5.7,7.485696099169893,8.894843468960614
707,5.7,8.57813622436935,8.994843679693462
708,5.7,9.749704156941442,9.094843908965425
709,5.7,10.982412279511182,9.194844154787598
710,5.7,12.257221983689327,9.294844415301544
711,5.7,13.557237369435873,9.39484468942745
712,5.7,14.870974882245912,9.49484497754691
713,5.7,16.195162291789202,9.59484528212951
714,5.7,17.536736850897608,9.69484560825123
715,5.7,18.914027395612308,9.794845964010628
716,5.7,20.357385395159255,9.89484636089978
717,5.7,21.90968679508505,9.994846814218205
718,5.7,23.627147435406744,10.094847343624577
719,5.7,25.58082513457193,10.194847973914767
720,5.7,27.859085011384487,10.294848736103638
721,5.7,30.571232817403303,10.39484966888358
722,5.7,33.852501053393894,10.49485082053935
723,5.7,37.87060869116003,10.59485225279318
724,5.7,42.83420485426824,10.694854038745703
725,5.7,49.00362045943516,10.79485627434172
726,5.7,56.704531125929975,10.89485907867463
727,5.7,66.3453265699372,10.994862601591086
728,5.7,78.4392667242527,11.094867031910196
729,5.7,93.63287660995216,11.194872607925628
730,5.7,112.74254410980824,11.294879630877292
731,5.7,136.8019737392164,11.394888482302813
732,5.7,167.12405128206598,11.494899646469538
733,5.7,205.3818148270613,11.594913739457047
734,5.7,253.71462778467196,11.694931546921813
735,5.7,314.8673459873601,11.794954073150631
736,5.7,392.3723531429932,11.894982604736503
737,5.7,490.78698855917634,11.995018793154268
738,5.8,1.9393099913382201,7.994842417369613
739,5.8,2.22223928469473,8.094842469645009
740,5.8,2.565295150129373,8.194842533124145
741,5.8,2.9788362005494005,8.29484260978706
742,5.8,3.473394353721069,8.394842701682297
743,5.8,4.058929190648801,8.4948428108049
744,5.8,4.743812626654986,8.59484293892943
745,5.8,5.533605427098818,8.694843087409504
746,5.8,6.429787453962048,8.794843256973625
747,5.8,7.428714487163516,8.894843447566632
748,5.8,8.52115151214228,8.994843658300155
749,5.8,9.692716994307325,9.094843887572976
750,5.8,10.925423415112746,9.194844133396153
751,5.8,12.200232160840631,9.294844393911227
752,5.8,13.500247211449306,9.394844668038308
753,5.8,14.813984789624374,9.49484495615894
754,5.8,16.138172367340516,9.594845260742622
755,5.8,17.479746859449765,9.694845586865243
756,5.8,18.857036750656274,9.794845942625273
757,5.8,20.300393158706868,9.894846339514713
758,5.8,21.8526916750402,9.994846792833036
759,5.8,23.570147764748047,10.094847322238829
760,5.8,25.523818823394688,10.1948479525278
761,5.8,27.80206946846264,10.294848714714771
762,5.8,30.51420483729267,10.394849647492032
763,5.8,33.795456671492325,10.494850799144146
764,5.8,37.81354300331413,10.594852231391938
765,5.8,42.77711179339549,10.694854017338107
766,5.8,48.94649253761625,10.794856252926028
767,5.8,56.64735912690898,10.894859057248741
768,5.8,66.28809920410788,10.99486258015248
769,5.8,78.38197025565157,11.094867010455877
770,5.8,93.57549448346464,11.194872586452075
771,5.8,112.68505662455674,11.294879609380441
772,5.8,136.74435782852163,11.394888460778073
773,5.8,167.0662804779936,11.494899624911861
774,5.8,205.32385947747642,11.59491371786106
775,5.8,253.6564555647205,11.694931525282003
776,5.8,314.80892269308544,11.794954051461586
777,5.8,392.3136436858084,11.89498258299313
778,5.8,490.7279580318824,11.995018771351983
779,5.9,1.8808455958174934,7.994842395406215
780,5.9,2.163772749108746,8.094842447681579
781,5.9,2.5068261002633405,8.19484251116069
782,5.9,2.9203642454920273,8.294842587823597
783,5.9,3.414919109381761,8.394842679718845
784,5.9,4.000450315495281,8.494842788841526
785,5.9,4.685329864768957,8.594842916966192
786,5.9,5.475118658265466,8.6948430654465
787,5.9,6.371296739425562,8.794843235010983
788,5.9,7.370220101172823,8.894843425604517
789,5.9,8.462653943443069,8.994843636338734
790,5.9,9.634216910120234,9.094843865612418
791,5.9,10.866921584187354,9.194844111436643
792,5.9,12.141729346100503,9.29484437195286
793,5.9,13.441744052974384,9.394844646081173
794,5.9,14.755481698716999,9.494844934203002
795,5.9,16.07966945000571,9.594845238787808
796,5.9,17.421243873979023,9.694845564911352
797,5.9,18.798533095265036,9.794845920671996
798,5.9,20.241887870895077,9.894846317561749
799,5.9,21.794183428537217,9.99484677087997
800,5.9,23.511634848553182,10.094847300285126
801,5.9,25.46529909268241,10.194847930572877
802,5.9,27.74354026308941,10.294848692757911
803,5.9,30.45566286776342,10.39484962553243
804,5.9,33.736897868549796,10.494850777180757
805,5.9,37.75496233328271,10.59485220942228
806,5.9,42.71850303004302,10.694853995361926
807,5.9,48.88784799501001,10.794856230941535
808,5.9,56.58866934672927,10.89485903525378
809,5.9,66.22935259926656,10.994862558144463
810,5.9,78.32315272897229,11.094866988431727
811,5.9,93.51658904551067,11.19487256440818
812,5.9,112.6260430572141,11.294879587312629
813,5.9,136.68521246105294,11.394888438681631
814,5.9,167.00697615051882,11.494899602781608
815,5.9,205.26436576513237,11.594913695691476
816,5.9,253.59673930384923,11.694931503067433
817,5.9,314.74894879595263,11.79495402919647
818,5.9,392.2533761639921,11.894982560672247
819,5.9,490.6673610937664,11.995018748970626
820,6.0,1.8202978205871043,7.994842372660007
821,6.0,2.1032227574354843,8.094842424935337
822,6.0,2.446273504362067,8.194842488414421
823,6.0,2.859808640312709,8.294842565077316
824,6.0,3.35436009768975,8.394842656972592
825,6.0,3.9398875431115887,8.49484276609534
826,6.0,4.624763066894167,8.594842894220154
827,6.0,5.414547710066583,8.6948430427007
828,6.0,6.310721704704538,8.794843212265572
829,6.0,7.309641263699143,8.894843402859637
830,6.0,8.40207180958256,8.994843613594586
831,6.0,9.573632171037028,9.094843842869174
832,6.0,10.806335035984874,9.194844088694463
833,6.0,12.081141779482454,9.294844349211882
834,6.0,13.381156130543221,9.394844623341438
835,6.0,14.69489384669534,9.494844911464524
836,6.0,16.01908177816418,9.594845216050485
837,6.0,17.36065613265162,9.694845542174967
838,6.0,18.737944660926228,9.794845897936336
839,6.0,20.18129774701237,9.894846294826396
840,6.0,21.73359024180556,9.994846748144472
841,6.0,23.451036826798756,10.094847277548984
842,6.0,25.40469401498626,10.194847907835491
843,6.0,27.682925375310248,10.294848670018542
844,6.0,30.395034763033305,10.394849602790169
845,6.0,33.67625233295583,10.494850754434607
846,6.0,37.69429415524272,10.594852186669513
847,6.0,42.65780576151004,10.694853972602402
848,6.0,48.82711367800493,10.794856208173403
849,6.0,56.527888186799835,10.894859012474805
850,6.0,66.16851259894591,10.994862535351968
851,6.0,78.26223929132583,11.094866965622524
852,6.0,93.45558457903287,11.194872541578526
853,6.0,112.56492662818606,11.294879564458203
854,6.0,136.62395956199387,11.394888415797555
855,6.0,166.9455586626721,11.49489957986251
856,6.0,205.2027521905826,11.594913672731646
857,6.0,253.53489531323845,11.694931480061014
858,6.0,314.6868380718313,11.794954006137706
859,6.0,392.1909614626457,11.894982537555729
860,6.0,490.6046053820693,11.99501872579148
861,6.1,1.7575576462282803,7.994842349090036
862,6.1,2.0404802860642843,8.094842401365332
863,6.1,2.383528334409857,8.194842464844388
864,6.1,2.797060351951276,8.294842541507277
865,6.1,3.291608278764166,8.39484263340257
866,6.1,3.877131826867203,8.49484274252539
867,6.1,4.562003178868907,8.594842870650357
868,6.1,5.351783521235565,8.694843019131161
869,6.1,6.247953280716987,8.794843188696422
870,6.1,7.246868898910836,8.894843379291054
871,6.1,8.3392960289031,8.994843590026735
872,6.1,9.510853690568725,9.094843819302266
873,6.1,10.743554680748073,9.194844065128658
874,6.1,12.018360368813582,9.29484432564734
875,6.1,13.318374351698719,9.394844599778194
876,6.1,14.632112141102299,9.494844887902579
877,6.1,15.956300259785104,9.59484519248971
878,6.1,17.29787454293941,9.694845518615221
879,6.1,18.675162353761774,9.794845874377248
880,6.1,20.118513689983462,9.894846271267665
881,6.1,21.670803011517645,9.994846724585594
882,6.1,23.38824458770235,10.094847253989448
883,6.1,25.34189446530871,10.194847884274642
884,6.1,27.620115661441744,10.294848646455602
885,6.1,30.332211355120187,10.394849579224308
886,6.1,33.61341086489836,10.494850730864755
887,6.1,37.63142922717903,10.594852163092687
888,6.1,42.594910692210526,10.694853949018574
889,6.1,48.76418022209748,10.794856184580654
890,6.1,56.46490619629266,10.894858988870821
891,6.1,66.10546964297357,10.994862511733972
892,6.1,78.1991202466942,11.094866941987211
893,6.1,93.39237121955622,11.19487251792202
894,6.1,112.50159726610303,11.29487954077603
895,6.1,136.56048880696943,11.394888392084653
896,6.1,166.8819173847101,11.494899556113321
897,6.1,205.13890776116574,11.594913648940247
898,6.1,253.47081217173059,11.694931456221338
899,6.1,314.62247860257656,11.794953982243792
900,6.1,392.12628709558777,11.894982513601967
901,6.1,490.53957777088505,11.995018701772826
902,6.2,1.69293733711506,7.994842324813622
903,6.2,1.9758576108080648,8.094842377088877
904,6.2,2.3189028792926347,8.194842440567909
905,6.2,2.732431684356028,8.294842517230785
906,6.2,3.2269759748839384,8.394842609126107
907,6.2,3.812495508508464,8.494842718249005
908,6.2,4.497362563256857,8.594842846374117
909,6.2,5.28713847536658,8.694842994855188
910,6.2,6.183303872584908,8.794843164420852
911,6.2,7.182215431397312,8.894843355016054
912,6.2,8.27463904261955,8.994843565752507
913,6.2,9.446193923358436,9.094843795028995
914,6.2,10.678892982569572,9.194844040856536
915,6.2,11.953697583657279,9.294844301376491
916,6.2,13.253711187425248,9.394844575508712
917,6.2,14.567449052709101,9.494844863634425
918,6.2,15.891637364573986,9.594845168222792
919,6.2,17.233211574618927,9.694845494349291
920,6.2,18.61049864702961,9.794845850112056
921,6.2,20.05384818116587,9.89484624700282
922,6.2,21.606134235230144,9.994846700320618
923,6.2,23.323570652764133,10.094847229723772
924,6.2,25.277213001811187,10.194847860007638
925,6.2,27.555423729450645,10.294848622186477
926,6.2,30.267505319487306,10.394849554952133
927,6.2,33.54868622879391,10.494850706588387
928,6.2,37.56668042882057,10.594852138809161
929,6.2,42.53013085086304,10.694853924727834
930,6.2,48.69936084528062,10.794856160280725
931,6.2,56.400036832493555,10.89485896455932
932,6.2,66.04053748988291,10.994862487408035
933,6.2,78.13410972867817,11.09486691764344
934,6.2,93.32726356640731,11.19487249355642
935,6.2,112.43637014202247,11.29487951638399
936,6.2,136.49511606480885,11.394888367660963
937,6.2,166.8163690263973,11.494899531652253
938,6.2,205.07315018758382,11.594913624435707
939,6.2,253.4048087662429,11.694931431667074
940,6.2,314.55619063611925,11.79495395763366
941,6.2,392.05967485826636,11.894982488930202
942,6.2,490.4726017901795,11.995018677034226
943,6.300000000000001,1.6270809454639323,7.994842300072716
944,6.300000000000001,1.9099988076847119,8.094842352347934
945,6.300000000000001,2.253041242595277,8.194842415826933
946,6.300000000000001,2.666566773723307,8.2948424924898
947,6.300000000000001,3.161107357627783,8.394842584385145
948,6.300000000000001,3.7466227995435943,8.494842693508117
949,6.300000000000001,4.4314854742666565,8.594842821633394
950,6.300000000000001,5.221256870860712,8.694842970114733
951,6.300000000000001,6.117417821765043,8.794843139680811
952,6.300000000000001,7.116325243113212,8.894843330276597
953,6.300000000000001,8.208745267997879,8.994843541013834
954,6.300000000000001,9.380297314310175,9.094843770291304
955,6.300000000000001,10.612994405678693,9.194844016120014
956,6.300000000000001,11.88779789882916,9.29484427664128
957,6.300000000000001,13.187811116375066,9.394844550774875
958,6.300000000000001,14.501549059173318,9.49484483890196
959,6.300000000000001,15.82573756834112,9.594845143491545
960,6.300000000000001,17.167311704139912,9.694845469619107
961,6.300000000000001,18.54459802449752,9.794845825382625
962,6.300000000000001,19.98794572237381,9.89484622227371
963,6.300000000000001,21.5402284467293,9.994846675591372
964,6.300000000000001,23.257659607280836,10.094847204993828
965,6.300000000000001,25.211294283539225,10.194847835276306
966,6.300000000000001,27.489494343179665,10.29484859745302
967,6.300000000000001,30.201561559801707,10.39484953021554
968,6.300000000000001,33.48272351289467,10.494850681847598
969,6.300000000000001,37.50069308863605,10.594852114060973
970,6.300000000000001,42.464111874075556,10.694853899972296
971,6.300000000000001,48.63330157692091,10.79485613551582
972,6.300000000000001,56.33392662133014,10.894858939782619
973,6.300000000000001,65.97436328912707,10.994862462616625
974,6.300000000000001,78.067855665001,11.094866892833853
975,6.300000000000001,93.2609105113015,11.194872468724585
976,6.300000000000001,112.36989533467445,11.294879491525206
977,6.300000000000001,136.4284928599461,11.394888342769924
978,6.300000000000001,166.74956685556668,11.49489950672312
979,6.300000000000001,205.0061348141463,11.594913599462267
980,6.300000000000001,253.33754288133193,11.69493140664296
981,6.300000000000001,314.4886347792932,11.794953932552612
982,6.300000000000001,391.9917885746114,11.894982463786338
983,6.300000000000001,490.40434486904815,11.995018651822255
984,6.4,1.5608260892357961,7.994842275182002
985,6.4,1.8437415249219742,8.094842327457181
986,6.4,2.18678110906469,8.194842390936154
987,6.4,2.6003033459373595,8.29484246759901
988,6.4,3.09484020034064,8.394842559494377
989,6.4,3.680351525396411,8.49484266861743
990,6.4,4.365209793095544,8.594842796742856
991,6.4,5.154976646322745,8.694842945224467
992,6.4,6.051133123417139,8.794843114790957
993,6.4,7.050036381936601,8.894843305387345
994,6.4,8.142452798316425,8.994843516125368
995,6.4,9.314001992795138,9.094843745403837
996,6.4,10.546697104100621,9.194843991233716
997,6.4,11.821499482706296,9.294844251756283
998,6.4,13.121512311685525,9.394844525891257
999,6.4,14.435250332637615,9.494844814019721
1000,6.4,15.75943904038722,9.59484511861058
1001,6.4,17.10101310165567,9.694845444739176
1002,6.4,18.478298665768314,9.794845800503413
1003,6.4,19.921644516798338,9.894846197394845
1004,6.4,21.473923891480286,9.994846650712393
1005,6.4,23.191349763290496,10.094847180114144
1006,6.4,25.144976720436308,10.194847810395252
1007,6.4,27.423166046996897,10.294848572569759
1008,6.4,30.135218803027264,10.394849505329217
1009,6.4,33.416361684665205,10.494850656957034
1010,6.4,37.43430648670537,10.594852089162906
1011,6.4,42.397693442857175,10.694853875066832
1012,6.4,48.56684260965088,10.794856110600934
1013,6.4,56.26741640205141,10.894858914855865
1014,6.4,65.90778869161818,10.994862437675069
1015,6.4,78.0012007204433,11.094866867874007
1016,6.4,93.19415597587522,11.194872443742357
1017,6.4,112.3030183102284,11.294879466515866
1018,6.4,136.3614665417029,11.39488831772813
1019,6.4,166.68236049269055,11.494899481643003
1020,6.4,204.93871396708235,11.594913574337573
1021,6.4,253.26987002053568,11.694931381467283
1022,6.4,314.42067021376914,11.79495390731966
1023,6.4,391.9234916148422,11.894982438490194
1024,6.4,490.3356750750403,11.995018626457592
1025,6.5,1.495032471032314,7.994842250464458
1026,6.5,1.777945496880392,8.0948423027396
1027,6.5,2.1209822496516204,8.194842366218543
1028,6.5,2.5345012148624932,8.294842442881391
1029,6.5,3.029034365413248,8.394842534776782
1030,6.5,3.6145416015312137,8.49484264389991
1031,6.5,4.299395492544316,8.594842772025498
1032,6.5,5.089157833524101,8.694842920507378
1033,6.5,5.9853098677148475,8.794843090074277
1034,6.5,6.984208991754131,8.894843280671248
1035,6.5,8.076621824283096,8.994843491410055
1036,6.5,9.248168186537734,9.094843720689507
1037,6.5,10.480861331208434,9.194843966520539
1038,6.5,11.7556626030847,9.294844227044427
1039,6.5,13.05567504626816,9.394844501180778
1040,6.5,14.369413145018845,9.494844789310584
1041,6.5,15.693602050355564,9.594845093902691
1042,6.5,17.03517603787521,9.69484542003235
1043,6.5,18.412460851071557,9.794845775797329
1044,6.5,19.85580486797308,9.894846172689116
1045,6.5,21.408080916214498,9.994846626006511
1046,6.5,23.12550153601568,10.09484715540756
1047,6.5,25.07912082776192,10.194847785687278
1048,6.5,27.357299495417752,10.294848547859669
1049,6.5,30.06933789103546,10.394849480616017
1050,6.5,33.35046183315627,10.494850632239611
1051,6.5,37.368382032865256,10.594852064438042
1052,6.5,42.33173738019425,10.694853850334622
1053,6.5,48.50084629129543,10.794856085859367
1054,6.5,56.20136918622149,10.894858890102512
1055,6.5,65.84167754331918,10.994862412907016
1056,6.5,77.9350097819771,11.094866843087791
1057,6.5,93.12786613706511,11.194872418933912
1058,6.5,112.23660683278335,11.294879441680495
1059,6.5,136.29490680827263,11.394888292860532
1060,6.5,166.61562196835703,11.494899456737345
1061,6.5,204.87176245442552,11.59491354938765
1062,6.5,253.20266825566299,11.694931356466734
1063,6.5,314.3531787883178,11.794953882262234
1064,6.5,391.8556701308087,11.894982413370016
1065,6.5,490.2674833848685,11.995018601269374
1066,6.6,1.4304043988982702,7.994842226184689
1067,6.6,1.7133150571823705,8.094842278459797
1068,6.6,2.0563490284584702,8.19484234193871
1069,6.6,2.4698647794150936,8.294842418601549
1070,6.6,2.964394291478351,8.394842510496963
1071,6.6,3.5498975109152884,8.494842619620169
1072,6.6,4.234747102188367,8.594842747745906
1073,6.6,5.0245050103534545,8.694842896228053
1074,6.6,5.920652679581247,8.794843065795353
1075,6.6,6.919547741823422,8.894843256392905
1076,6.6,8.011957053806137,8.994843467132473
1077,6.6,9.183500633570961,9.094843696412887
1078,6.6,10.416191846562958,9.194843942245086
1079,6.6,11.690992031035128,9.294844202770246
1080,6.6,12.991004095243518,9.394844476907936
1081,6.6,14.304742270513916,9.4948447650391
1082,6.6,15.6289313698853,9.594845069632427
1083,6.6,16.97050528521922,9.694845395763094
1084,6.6,18.347789360856474,9.794845751528811
1085,6.6,19.79113157638306,9.894846148420923
1086,6.6,21.343404357225616,9.994846601738217
1087,6.6,23.060819817949792,10.094847131138573
1088,6.6,25.014431579431545,10.194847761416941
1089,6.6,27.292599776746528,10.29484852358718
1090,6.6,30.004624065312107,10.39484945634051
1091,6.6,33.285729402485245,10.49485060795995
1092,6.6,37.30362543411424,10.594852040151068
1093,6.6,42.26694973092301,10.694853826040434
1094,6.6,48.43601909703427,10.794856061555985
1095,6.6,56.13649199368129,10.894858865787551
1096,6.6,65.77673754784603,10.994862388577616
1097,6.6,77.8699914060899,11.09486681874055
1098,6.6,93.06275060927749,11.194872394564833
1099,6.6,112.17137181743861,11.294879417284967
1100,6.6,136.22952615957234,11.394888268433347
1101,6.6,166.55006569377082,11.494899432272772
1102,6.6,204.80599696428598,11.594913524879596
1103,6.6,253.1366569495327,11.694931331908949
1104,6.6,314.28688296036586,11.794953857648581
1105,6.6,391.7890501054572,11.894982388694725
1106,6.6,490.20049973435835,11.995018576527253
1107,6.7,1.3673366889763248,7.994842202491032
1108,6.7,1.6502450368197987,8.094842254766105
1109,6.7,1.9932762935288757,8.19484231824499
1110,6.7,2.4067889076035502,8.294842394907816
1111,6.7,2.9013148683563657,8.394842486803256
1112,6.7,3.486814167525692,8.494842595926531
1113,6.7,4.17165956250601,8.59484272405243
1114,6.7,4.961413144358769,8.694842872534828
1115,6.7,5.8575565535628975,8.794843042102526
1116,6.7,6.85644765191341,8.894843232700637
1117,6.7,7.948853527827071,8.994843443440953
1118,6.7,9.120394392030187,9.094843672722321
1119,6.7,10.353083719454245,9.19484391855562
1120,6.7,11.627882842881478,9.294844179082038
1121,6.7,12.92789453742221,9.394844453221063
1122,6.7,14.241632787222951,9.494844741353498
1123,6.7,15.565822076295019,9.594845045948045
1124,6.7,16.90739592136153,9.69484537207969
1125,6.7,18.28467927727298,9.794845727846125
1126,6.7,19.728019734835527,9.894846124738557
1127,6.7,21.280289326930408,9.994846578055741
1128,6.7,22.997699752842177,10.094847107455413
1129,6.7,24.951304165589505,10.19484773773248
1130,6.7,27.22946214464529,10.294848499900677
1131,6.7,29.941472665985838,10.39484943265101
1132,6.7,33.22255984617492,10.49485058426643
1133,6.7,37.240432291685806,10.59485201645037
1134,6.7,42.20372628555135,10.694853802332693
1135,6.7,48.372757059154836,10.794856037839272
1136,6.7,56.07318116158929,10.894858842059538
1137,6.7,65.71336542580833,10.994862364835512
1138,6.7,77.80654279204808,11.094866794981034
1139,6.7,92.99920718425587,11.194872370784005
1140,6.7,112.10771178497093,11.294879393478327
1141,6.7,136.1657240053432,11.394888244595812
1142,6.7,166.486092149807,11.494899408398753
1143,6.7,204.74181925315156,11.594913500963143
1144,6.7,253.07223935748107,11.694931307943968
1145,6.7,314.2221877196254,11.79495383362908
1146,6.7,391.72403850380266,11.894982364615078
1147,6.7,490.135133302623,11.995018552382392
1148,6.800000000000001,1.3058047308357372,7.994842179374251
1149,6.800000000000001,1.5887108241541041,8.094842231649288
1150,6.800000000000001,1.9317394319453831,8.194842295128147
1151,6.800000000000001,2.3452489853025775,8.294842371790965
1152,6.800000000000001,2.8397714809983694,8.394842463686423
1153,6.800000000000001,3.4252669550346213,8.494842572809773
1154,6.800000000000001,4.110108255251121,8.594842700935816
1155,6.800000000000001,4.899857615730842,8.694842849418468
1156,6.800000000000001,5.795996868287522,8.794843018986551
1157,6.800000000000001,6.794884098804544,8.894843209585206
1158,6.800000000000001,7.887286621776417,8.994843420326259
1159,6.800000000000001,9.058824836422295,9.094843649608544
1160,6.800000000000001,10.291512324176033,9.194843895442935
1161,6.800000000000001,11.566310412135948,9.294844155970571
1162,6.800000000000001,12.866321745961189,9.394844430110874
1163,6.800000000000001,14.180060068800245,9.494844718244615
1164,6.800000000000001,15.504249542883764,9.594845022840301
1165,6.800000000000001,16.845823319245948,9.694845348972928
1166,6.800000000000001,18.223105973193825,9.794845704740059
1167,6.800000000000001,19.666444715634853,9.894846101632819
1168,6.800000000000001,21.218711196425406,9.994846554949856
1169,6.800000000000001,22.936116710013152,10.094847084348883
1170,6.800000000000001,24.889713952216802,10.194847714624675
1171,6.800000000000001,27.16786196132945,10.29484847679085
1172,6.800000000000001,29.87985904987236,10.394849409538292
1173,6.800000000000001,33.16092851386503,10.494850561149775
1174,6.800000000000001,37.17877794605439,10.594851993326708
1175,6.800000000000001,42.14204237297273,10.694853779202159
1176,6.800000000000001,48.311035491204024,10.794856014699985
1177,6.800000000000001,56.01141198473545,10.894858818909226
1178,6.800000000000001,65.6515364474842,10.99486234167145
1179,6.800000000000001,77.74463918021809,11.094866771799982
1180,6.800000000000001,92.9372110652081,11.194872347582159
1181,6.800000000000001,112.04560189247744,11.2948793702513
1182,6.800000000000001,136.10347544690893,11.39488822133864
1183,6.800000000000001,166.42367636979537,11.494899385105985
1184,6.800000000000001,204.67920427385368,11.594913477628973
1185,6.800000000000001,253.00939033642348,11.69493128456245
1186,6.800000000000001,314.1590678123176,11.794953810194372
1187,6.800000000000001,391.6606099444623,11.89498234112169
1188,6.800000000000001,490.07135856540003,11.995018528825378
1189,6.9,1.2453044841520189,7.994842156644989
1190,6.9,1.5282083606722683,8.09484220891999
1191,6.9,1.8712343637381927,8.194842272398823
1192,6.9,2.284740907248951,8.294842349061632
1193,6.9,2.779259995579462,8.394842440957113
1194,6.9,3.364751708213543,8.494842550080534
1195,6.9,4.049588982015308,8.59484267820672
1196,6.9,4.839334191389398,8.694842826689616
1197,6.9,5.7354693565003,8.794842996258081
1198,6.9,6.734352783483127,8.89484318685727
1199,6.9,7.826752009783974,8.994843397599052
1200,6.9,8.998287618638763,9.094843626882243
1201,6.9,10.230973297486374,9.1948438727177
1202,6.9,11.505770367314915,9.294844133246535
1203,6.9,12.805781346250678,9.394844407388103
1204,6.9,14.119519741062314,9.494844695523083
1205,6.9,15.44370939717323,9.59484500011994
1206,6.9,16.78528310610996,9.694845326253533
1207,6.9,18.162565069959438,9.794845682021307
1208,6.9,19.605902125840625,9.894846078914403
1209,6.9,21.158165547405723,9.994846532231335
1210,6.9,22.875566230659928,10.094847061629723
1211,6.9,24.82915642253472,10.194847691904247
1212,6.9,27.107294627816664,10.2948484540684
1213,6.9,29.819278507650296,10.394849386813041
1214,6.9,33.10033055129436,10.494850538420645
1215,6.9,37.118157354750146,10.594851970590673
1216,6.9,42.081392707943046,10.694853756459368
1217,6.9,48.2503487997274,10.794855991948586
1218,6.9,55.95067847925139,10.894858796146986
1219,6.9,65.5907441397622,10.99486231889569
1220,6.9,77.683773485615,11.094866749007515
1221,6.9,92.87625440962543,11.194872324769248
1222,6.9,111.9845333656424,11.294879347413625
1223,6.9,136.04227057295748,11.394888198471325
1224,6.9,166.36230707260034,11.49489936220367
1225,6.9,204.61763911269404,11.594913454685951
1226,6.9,252.94759505448224,11.694931261572874
1227,6.9,314.09700618536135,11.7949537871525
1228,6.9,391.59824484451525,11.894982318022121
1229,6.9,490.0086530998005,11.995018505663257
1230,7.0,1.1848335731511936,7.994842133926666
1231,7.0,1.467735233654864,8.094842186201634
1232,7.0,1.810758633203266,8.194842249680438
1233,7.0,2.2242621678622734,8.294842326343241
1234,7.0,2.718777850248483,8.39484241823874
1235,7.0,3.3042658028303227,8.494842527362238
1236,7.0,3.9890990517093816,8.594842655488568
1237,7.0,4.778840111611966,8.694842803971705
1238,7.0,5.674971190840167,8.794842973540556
1239,7.0,6.673850815780827,8.894843164140287
1240,7.0,7.766246746334285,8.99484337488278
1241,7.0,8.937779750747916,9.094843604166865
1242,7.0,10.170463621186743,9.194843850003423
1243,7.0,11.445259673310202,9.294844110533447
1244,7.0,12.74527029785383,9.394844384676277
1245,7.0,14.059008764282803,9.494844672812517
1246,7.0,15.383198602492163,9.594844977410505
1247,7.0,16.724772244358697,9.694845303545057
1248,7.0,18.10205351825187,9.794845659313522
1249,7.0,19.54538888849685,9.89484605620692
1250,7.0,21.097649252186425,9.994846509523729
1251,7.0,22.815045106883314,10.094847038921483
1252,7.0,24.768628250987007,10.194847669194745
1253,7.0,27.046756656914322,10.294848431356968
1254,7.0,29.758727333509455,10.394849364098711
1255,7.0,33.03976196390981,10.49485051570246
1256,7.0,37.05756614744208,10.594851947865578
1257,7.0,42.020772439272065,10.694853733727518
1258,7.0,48.18969151995605,10.79485596920813
1259,7.0,55.889974404868966,10.894858773395695
1260,7.0,65.52998128729848,10.994862296130885
1261,7.0,77.62293727753175,11.094866726226012
1262,7.0,92.81532727928426,11.194872301967306
1263,7.0,111.92349441243321,11.294879324586931
1264,7.0,135.98109533238406,11.394888175615005
1265,7.0,166.30096748239004,11.494899339312365
1266,7.0,204.55610374768554,11.59491343175396
1267,7.0,252.88582967611814,11.694931238594352
1268,7.0,314.0349745894442,11.794953764121704
1269,7.0,391.5359099242417,11.89498229493366
1270,7.0,489.9459779851734,11.995018482512277
